32927371,https://archiveofourown.org/works?commit=Sort+and+Filter&work_search%5Bsort_column%5D=kudos_count&work_search%5Bother_tag_names%5D=Banter&exclude_work_search%5Brating_ids%5D%5B%5D=12&exclude_work_search%5Brating_ids%5D%5B%5D=9&exclude_work_search%5Brating_ids%5D%5B%5D=13&work_search%5Bexcluded_tag_names%5D=Rape%2FNon-Con&work_search%5Bcrossover%5D=&work_search%5Bcomplete%5D=&work_search%5Bwords_from%5D=&work_search%5Bwords_to%5D=&work_search%5Bdate_from%5D=&work_search%5Bdate_to%5D=&work_search%5Bquery%5D=&work_search%5Blanguage_id%5D=&tag_id=Banter
20062966,https://archiveofourown.org/works?commit=Sort+and+Filter&work_search%5Bsort_column%5D=kudos_count&work_search%5Bother_tag_names%5D=Banter&exclude_work_search%5Brating_ids%5D%5B%5D=12&exclude_work_search%5Brating_ids%5D%5B%5D=9&exclude_work_search%5Brating_ids%5D%5B%5D=13&work_search%5Bexcluded_tag_names%5D=Rape%2FNon-Con&work_search%5Bcrossover%5D=&work_search%5Bcomplete%5D=&work_search%5Bwords_from%5D=&work_search%5Bwords_to%5D=&work_search%5Bdate_from%5D=&work_search%5Bdate_to%5D=&work_search%5Bquery%5D=&work_search%5Blanguage_id%5D=&tag_id=Banter
27390661,https://archiveofourown.org/works?commit=Sort+and+Filter&work_search%5Bsort_column%5D=kudos_count&work_search%5Bother_tag_names%5D=Banter&exclude_work_search%5Brating_ids%5D%5B%5D=12&exclude_work_search%5Brating_ids%5D%5B%5D=9&exclude_work_search%5Brating_ids%5D%5B%5D=13&work_search%5Bexcluded_tag_names%5D=Rape%2FNon-Con&work_search%5Bcrossover%5D=&work_search%5Bcomplete%5D=&work_search%5Bwords_from%5D=&work_search%5Bwords_to%5D=&work_search%5Bdate_from%5D=&work_search%5Bdate_to%5D=&work_search%5Bquery%5D=&work_search%5Blanguage_id%5D=&tag_id=Banter
39803088,https://archiveofourown.org/works?commit=Sort+and+Filter&work_search%5Bsort_column%5D=kudos_count&work_search%5Bother_tag_names%5D=Banter&exclude_work_search%5Brating_ids%5D%5B%5D=12&exclude_work_search%5Brating_ids%5D%5B%5D=9&exclude_work_search%5Brating_ids%5D%5B%5D=13&work_search%5Bexcluded_tag_names%5D=Rape%2FNon-Con&work_search%5Bcrossover%5D=&work_search%5Bcomplete%5D=&work_search%5Bwords_from%5D=&work_search%5Bwords_to%5D=&work_search%5Bdate_from%5D=&work_search%5Bdate_to%5D=&work_search%5Bquery%5D=&work_search%5Blanguage_id%5D=&tag_id=Banter
6848920,https://archiveofourown.org/works?commit=Sort+and+Filter&work_search%5Bsort_column%5D=kudos_count&work_search%5Bother_tag_names%5D=Banter&exclude_work_search%5Brating_ids%5D%5B%5D=12&exclude_work_search%5Brating_ids%5D%5B%5D=9&exclude_work_search%5Brating_ids%5D%5B%5D=13&work_search%5Bexcluded_tag_names%5D=Rape%2FNon-Con&work_search%5Bcrossover%5D=&work_search%5Bcomplete%5D=&work_search%5Bwords_from%5D=&work_search%5Bwords_to%5D=&work_search%5Bdate_from%5D=&work_search%5Bdate_to%5D=&work_search%5Bquery%5D=&work_search%5Blanguage_id%5D=&tag_id=Banter
30265893,https://archiveofourown.org/works?commit=Sort+and+Filter&work_search%5Bsort_column%5D=kudos_count&work_search%5Bother_tag_names%5D=Banter&exclude_work_search%5Brating_ids%5D%5B%5D=12&exclude_work_search%5Brating_ids%5D%5B%5D=9&exclude_work_search%5Brating_ids%5D%5B%5D=13&work_search%5Bexcluded_tag_names%5D=Rape%2FNon-Con&work_search%5Bcrossover%5D=&work_search%5Bcomplete%5D=&work_search%5Bwords_from%5D=&work_search%5Bwords_to%5D=&work_search%5Bdate_from%5D=&work_search%5Bdate_to%5D=&work_search%5Bquery%5D=&work_search%5Blanguage_id%5D=&tag_id=Banter
11286327,https://archiveofourown.org/works?commit=Sort+and+Filter&work_search%5Bsort_column%5D=kudos_count&work_search%5Bother_tag_names%5D=Banter&exclude_work_search%5Brating_ids%5D%5B%5D=12&exclude_work_search%5Brating_ids%5D%5B%5D=9&exclude_work_search%5Brating_ids%5D%5B%5D=13&work_search%5Bexcluded_tag_names%5D=Rape%2FNon-Con&work_search%5Bcrossover%5D=&work_search%5Bcomplete%5D=&work_search%5Bwords_from%5D=&work_search%5Bwords_to%5D=&work_search%5Bdate_from%5D=&work_search%5Bdate_to%5D=&work_search%5Bquery%5D=&work_search%5Blanguage_id%5D=&tag_id=Banter
37657837,https://archiveofourown.org/works?commit=Sort+and+Filter&work_search%5Bsort_column%5D=kudos_count&work_search%5Bother_tag_names%5D=Banter&exclude_work_search%5Brating_ids%5D%5B%5D=12&exclude_work_search%5Brating_ids%5D%5B%5D=9&exclude_work_search%5Brating_ids%5D%5B%5D=13&work_search%5Bexcluded_tag_names%5D=Rape%2FNon-Con&work_search%5Bcrossover%5D=&work_search%5Bcomplete%5D=&work_search%5Bwords_from%5D=&work_search%5Bwords_to%5D=&work_search%5Bdate_from%5D=&work_search%5Bdate_to%5D=&work_search%5Bquery%5D=&work_search%5Blanguage_id%5D=&tag_id=Banter
7950793,https://archiveofourown.org/works?commit=Sort+and+Filter&work_search%5Bsort_column%5D=kudos_count&work_search%5Bother_tag_names%5D=Banter&exclude_work_search%5Brating_ids%5D%5B%5D=12&exclude_work_search%5Brating_ids%5D%5B%5D=9&exclude_work_search%5Brating_ids%5D%5B%5D=13&work_search%5Bexcluded_tag_names%5D=Rape%2FNon-Con&work_search%5Bcrossover%5D=&work_search%5Bcomplete%5D=&work_search%5Bwords_from%5D=&work_search%5Bwords_to%5D=&work_search%5Bdate_from%5D=&work_search%5Bdate_to%5D=&work_search%5Bquery%5D=&work_search%5Blanguage_id%5D=&tag_id=Banter
27651511,https://archiveofourown.org/works?commit=Sort+and+Filter&work_search%5Bsort_column%5D=kudos_count&work_search%5Bother_tag_names%5D=Banter&exclude_work_search%5Brating_ids%5D%5B%5D=12&exclude_work_search%5Brating_ids%5D%5B%5D=9&exclude_work_search%5Brating_ids%5D%5B%5D=13&work_search%5Bexcluded_tag_names%5D=Rape%2FNon-Con&work_search%5Bcrossover%5D=&work_search%5Bcomplete%5D=&work_search%5Bwords_from%5D=&work_search%5Bwords_to%5D=&work_search%5Bdate_from%5D=&work_search%5Bdate_to%5D=&work_search%5Bquery%5D=&work_search%5Blanguage_id%5D=&tag_id=Banter
25018996,https://archiveofourown.org/works?commit=Sort+and+Filter&work_search%5Bsort_column%5D=kudos_count&work_search%5Bother_tag_names%5D=Banter&exclude_work_search%5Brating_ids%5D%5B%5D=12&exclude_work_search%5Brating_ids%5D%5B%5D=9&exclude_work_search%5Brating_ids%5D%5B%5D=13&work_search%5Bexcluded_tag_names%5D=Rape%2FNon-Con&work_search%5Bcrossover%5D=&work_search%5Bcomplete%5D=&work_search%5Bwords_from%5D=&work_search%5Bwords_to%5D=&work_search%5Bdate_from%5D=&work_search%5Bdate_to%5D=&work_search%5Bquery%5D=&work_search%5Blanguage_id%5D=&tag_id=Banter
30927674,https://archiveofourown.org/works?commit=Sort+and+Filter&work_search%5Bsort_column%5D=kudos_count&work_search%5Bother_tag_names%5D=Banter&exclude_work_search%5Brating_ids%5D%5B%5D=12&exclude_work_search%5Brating_ids%5D%5B%5D=9&exclude_work_search%5Brating_ids%5D%5B%5D=13&work_search%5Bexcluded_tag_names%5D=Rape%2FNon-Con&work_search%5Bcrossover%5D=&work_search%5Bcomplete%5D=&work_search%5Bwords_from%5D=&work_search%5Bwords_to%5D=&work_search%5Bdate_from%5D=&work_search%5Bdate_to%5D=&work_search%5Bquery%5D=&work_search%5Blanguage_id%5D=&tag_id=Banter
76450746,https://archiveofourown.org/works?commit=Sort+and+Filter&work_search%5Bsort_column%5D=kudos_count&work_search%5Bother_tag_names%5D=Banter&exclude_work_search%5Brating_ids%5D%5B%5D=12&exclude_work_search%5Brating_ids%5D%5B%5D=9&exclude_work_search%5Brating_ids%5D%5B%5D=13&work_search%5Bexcluded_tag_names%5D=Rape%2FNon-Con&work_search%5Bcrossover%5D=&work_search%5Bcomplete%5D=&work_search%5Bwords_from%5D=&work_search%5Bwords_to%5D=&work_search%5Bdate_from%5D=&work_search%5Bdate_to%5D=&work_search%5Bquery%5D=&work_search%5Blanguage_id%5D=&tag_id=Banter
21740374,https://archiveofourown.org/works?commit=Sort+and+Filter&work_search%5Bsort_column%5D=kudos_count&work_search%5Bother_tag_names%5D=Banter&exclude_work_search%5Brating_ids%5D%5B%5D=12&exclude_work_search%5Brating_ids%5D%5B%5D=9&exclude_work_search%5Brating_ids%5D%5B%5D=13&work_search%5Bexcluded_tag_names%5D=Rape%2FNon-Con&work_search%5Bcrossover%5D=&work_search%5Bcomplete%5D=&work_search%5Bwords_from%5D=&work_search%5Bwords_to%5D=&work_search%5Bdate_from%5D=&work_search%5Bdate_to%5D=&work_search%5Bquery%5D=&work_search%5Blanguage_id%5D=&tag_id=Banter
29497068,https://archiveofourown.org/works?commit=Sort+and+Filter&work_search%5Bsort_column%5D=kudos_count&work_search%5Bother_tag_names%5D=Banter&exclude_work_search%5Brating_ids%5D%5B%5D=12&exclude_work_search%5Brating_ids%5D%5B%5D=9&exclude_work_search%5Brating_ids%5D%5B%5D=13&work_search%5Bexcluded_tag_names%5D=Rape%2FNon-Con&work_search%5Bcrossover%5D=&work_search%5Bcomplete%5D=&work_search%5Bwords_from%5D=&work_search%5Bwords_to%5D=&work_search%5Bdate_from%5D=&work_search%5Bdate_to%5D=&work_search%5Bquery%5D=&work_search%5Blanguage_id%5D=&tag_id=Banter
1727696,https://archiveofourown.org/works?commit=Sort+and+Filter&work_search%5Bsort_column%5D=kudos_count&work_search%5Bother_tag_names%5D=Banter&exclude_work_search%5Brating_ids%5D%5B%5D=12&exclude_work_search%5Brating_ids%5D%5B%5D=9&exclude_work_search%5Brating_ids%5D%5B%5D=13&work_search%5Bexcluded_tag_names%5D=Rape%2FNon-Con&work_search%5Bcrossover%5D=&work_search%5Bcomplete%5D=&work_search%5Bwords_from%5D=&work_search%5Bwords_to%5D=&work_search%5Bdate_from%5D=&work_search%5Bdate_to%5D=&work_search%5Bquery%5D=&work_search%5Blanguage_id%5D=&tag_id=Banter
31258991,https://archiveofourown.org/works?commit=Sort+and+Filter&work_search%5Bsort_column%5D=kudos_count&work_search%5Bother_tag_names%5D=Banter&exclude_work_search%5Brating_ids%5D%5B%5D=12&exclude_work_search%5Brating_ids%5D%5B%5D=9&exclude_work_search%5Brating_ids%5D%5B%5D=13&work_search%5Bexcluded_tag_names%5D=Rape%2FNon-Con&work_search%5Bcrossover%5D=&work_search%5Bcomplete%5D=&work_search%5Bwords_from%5D=&work_search%5Bwords_to%5D=&work_search%5Bdate_from%5D=&work_search%5Bdate_to%5D=&work_search%5Bquery%5D=&work_search%5Blanguage_id%5D=&tag_id=Banter
6773122,https://archiveofourown.org/works?commit=Sort+and+Filter&work_search%5Bsort_column%5D=kudos_count&work_search%5Bother_tag_names%5D=Banter&exclude_work_search%5Brating_ids%5D%5B%5D=12&exclude_work_search%5Brating_ids%5D%5B%5D=9&exclude_work_search%5Brating_ids%5D%5B%5D=13&work_search%5Bexcluded_tag_names%5D=Rape%2FNon-Con&work_search%5Bcrossover%5D=&work_search%5Bcomplete%5D=&work_search%5Bwords_from%5D=&work_search%5Bwords_to%5D=&work_search%5Bdate_from%5D=&work_search%5Bdate_to%5D=&work_search%5Bquery%5D=&work_search%5Blanguage_id%5D=&tag_id=Banter
27678563,https://archiveofourown.org/works?commit=Sort+and+Filter&work_search%5Bsort_column%5D=kudos_count&work_search%5Bother_tag_names%5D=Banter&exclude_work_search%5Brating_ids%5D%5B%5D=12&exclude_work_search%5Brating_ids%5D%5B%5D=9&exclude_work_search%5Brating_ids%5D%5B%5D=13&work_search%5Bexcluded_tag_names%5D=Rape%2FNon-Con&work_search%5Bcrossover%5D=&work_search%5Bcomplete%5D=&work_search%5Bwords_from%5D=&work_search%5Bwords_to%5D=&work_search%5Bdate_from%5D=&work_search%5Bdate_to%5D=&work_search%5Bquery%5D=&work_search%5Blanguage_id%5D=&tag_id=Banter
16501667,https://archiveofourown.org/works?commit=Sort+and+Filter&work_search%5Bsort_column%5D=kudos_count&work_search%5Bother_tag_names%5D=Banter&exclude_work_search%5Brating_ids%5D%5B%5D=12&exclude_work_search%5Brating_ids%5D%5B%5D=9&exclude_work_search%5Brating_ids%5D%5B%5D=13&work_search%5Bexcluded_tag_names%5D=Rape%2FNon-Con&work_search%5Bcrossover%5D=&work_search%5Bcomplete%5D=&work_search%5Bwords_from%5D=&work_search%5Bwords_to%5D=&work_search%5Bdate_from%5D=&work_search%5Bdate_to%5D=&work_search%5Bquery%5D=&work_search%5Blanguage_id%5D=&tag_id=Banter
29483415,https://archiveofourown.org/works?commit=Sort+and+Filter&work_search%5Bsort_column%5D=kudos_count&work_search%5Bother_tag_names%5D=Banter&exclude_work_search%5Brating_ids%5D%5B%5D=12&exclude_work_search%5Brating_ids%5D%5B%5D=9&exclude_work_search%5Brating_ids%5D%5B%5D=13&work_search%5Bexcluded_tag_names%5D=Rape%2FNon-Con&work_search%5Bcrossover%5D=&work_search%5Bcomplete%5D=&work_search%5Bwords_from%5D=&work_search%5Bwords_to%5D=&work_search%5Bdate_from%5D=&work_search%5Bdate_to%5D=&work_search%5Bquery%5D=&work_search%5Blanguage_id%5D=&tag_id=Banter&page=2
37419322,https://archiveofourown.org/works?commit=Sort+and+Filter&work_search%5Bsort_column%5D=kudos_count&work_search%5Bother_tag_names%5D=Banter&exclude_work_search%5Brating_ids%5D%5B%5D=12&exclude_work_search%5Brating_ids%5D%5B%5D=9&exclude_work_search%5Brating_ids%5D%5B%5D=13&work_search%5Bexcluded_tag_names%5D=Rape%2FNon-Con&work_search%5Bcrossover%5D=&work_search%5Bcomplete%5D=&work_search%5Bwords_from%5D=&work_search%5Bwords_to%5D=&work_search%5Bdate_from%5D=&work_search%5Bdate_to%5D=&work_search%5Bquery%5D=&work_search%5Blanguage_id%5D=&tag_id=Banter&page=2
27789571,https://archiveofourown.org/works?commit=Sort+and+Filter&work_search%5Bsort_column%5D=kudos_count&work_search%5Bother_tag_names%5D=Banter&exclude_work_search%5Brating_ids%5D%5B%5D=12&exclude_work_search%5Brating_ids%5D%5B%5D=9&exclude_work_search%5Brating_ids%5D%5B%5D=13&work_search%5Bexcluded_tag_names%5D=Rape%2FNon-Con&work_search%5Bcrossover%5D=&work_search%5Bcomplete%5D=&work_search%5Bwords_from%5D=&work_search%5Bwords_to%5D=&work_search%5Bdate_from%5D=&work_search%5Bdate_to%5D=&work_search%5Bquery%5D=&work_search%5Blanguage_id%5D=&tag_id=Banter&page=2
24216376,https://archiveofourown.org/works?commit=Sort+and+Filter&work_search%5Bsort_column%5D=kudos_count&work_search%5Bother_tag_names%5D=Banter&exclude_work_search%5Brating_ids%5D%5B%5D=12&exclude_work_search%5Brating_ids%5D%5B%5D=9&exclude_work_search%5Brating_ids%5D%5B%5D=13&work_search%5Bexcluded_tag_names%5D=Rape%2FNon-Con&work_search%5Bcrossover%5D=&work_search%5Bcomplete%5D=&work_search%5Bwords_from%5D=&work_search%5Bwords_to%5D=&work_search%5Bdate_from%5D=&work_search%5Bdate_to%5D=&work_search%5Bquery%5D=&work_search%5Blanguage_id%5D=&tag_id=Banter&page=2
66775609,https://archiveofourown.org/works?commit=Sort+and+Filter&work_search%5Bsort_column%5D=kudos_count&work_search%5Bother_tag_names%5D=Banter&exclude_work_search%5Brating_ids%5D%5B%5D=12&exclude_work_search%5Brating_ids%5D%5B%5D=9&exclude_work_search%5Brating_ids%5D%5B%5D=13&work_search%5Bexcluded_tag_names%5D=Rape%2FNon-Con&work_search%5Bcrossover%5D=&work_search%5Bcomplete%5D=&work_search%5Bwords_from%5D=&work_search%5Bwords_to%5D=&work_search%5Bdate_from%5D=&work_search%5Bdate_to%5D=&work_search%5Bquery%5D=&work_search%5Blanguage_id%5D=&tag_id=Banter&page=2
35255137,https://archiveofourown.org/works?commit=Sort+and+Filter&work_search%5Bsort_column%5D=kudos_count&work_search%5Bother_tag_names%5D=Banter&exclude_work_search%5Brating_ids%5D%5B%5D=12&exclude_work_search%5Brating_ids%5D%5B%5D=9&exclude_work_search%5Brating_ids%5D%5B%5D=13&work_search%5Bexcluded_tag_names%5D=Rape%2FNon-Con&work_search%5Bcrossover%5D=&work_search%5Bcomplete%5D=&work_search%5Bwords_from%5D=&work_search%5Bwords_to%5D=&work_search%5Bdate_from%5D=&work_search%5Bdate_to%5D=&work_search%5Bquery%5D=&work_search%5Blanguage_id%5D=&tag_id=Banter&page=2
30503865,https://archiveofourown.org/works?commit=Sort+and+Filter&work_search%5Bsort_column%5D=kudos_count&work_search%5Bother_tag_names%5D=Banter&exclude_work_search%5Brating_ids%5D%5B%5D=12&exclude_work_search%5Brating_ids%5D%5B%5D=9&exclude_work_search%5Brating_ids%5D%5B%5D=13&work_search%5Bexcluded_tag_names%5D=Rape%2FNon-Con&work_search%5Bcrossover%5D=&work_search%5Bcomplete%5D=&work_search%5Bwords_from%5D=&work_search%5Bwords_to%5D=&work_search%5Bdate_from%5D=&work_search%5Bdate_to%5D=&work_search%5Bquery%5D=&work_search%5Blanguage_id%5D=&tag_id=Banter&page=2
40084680,https://archiveofourown.org/works?commit=Sort+and+Filter&work_search%5Bsort_column%5D=kudos_count&work_search%5Bother_tag_names%5D=Banter&exclude_work_search%5Brating_ids%5D%5B%5D=12&exclude_work_search%5Brating_ids%5D%5B%5D=9&exclude_work_search%5Brating_ids%5D%5B%5D=13&work_search%5Bexcluded_tag_names%5D=Rape%2FNon-Con&work_search%5Bcrossover%5D=&work_search%5Bcomplete%5D=&work_search%5Bwords_from%5D=&work_search%5Bwords_to%5D=&work_search%5Bdate_from%5D=&work_search%5Bdate_to%5D=&work_search%5Bquery%5D=&work_search%5Blanguage_id%5D=&tag_id=Banter&page=2
18431744,https://archiveofourown.org/works?commit=Sort+and+Filter&work_search%5Bsort_column%5D=kudos_count&work_search%5Bother_tag_names%5D=Banter&exclude_work_search%5Brating_ids%5D%5B%5D=12&exclude_work_search%5Brating_ids%5D%5B%5D=9&exclude_work_search%5Brating_ids%5D%5B%5D=13&work_search%5Bexcluded_tag_names%5D=Rape%2FNon-Con&work_search%5Bcrossover%5D=&work_search%5Bcomplete%5D=&work_search%5Bwords_from%5D=&work_search%5Bwords_to%5D=&work_search%5Bdate_from%5D=&work_search%5Bdate_to%5D=&work_search%5Bquery%5D=&work_search%5Blanguage_id%5D=&tag_id=Banter&page=2
24740719,https://archiveofourown.org/works?commit=Sort+and+Filter&work_search%5Bsort_column%5D=kudos_count&work_search%5Bother_tag_names%5D=Banter&exclude_work_search%5Brating_ids%5D%5B%5D=12&exclude_work_search%5Brating_ids%5D%5B%5D=9&exclude_work_search%5Brating_ids%5D%5B%5D=13&work_search%5Bexcluded_tag_names%5D=Rape%2FNon-Con&work_search%5Bcrossover%5D=&work_search%5Bcomplete%5D=&work_search%5Bwords_from%5D=&work_search%5Bwords_to%5D=&work_search%5Bdate_from%5D=&work_search%5Bdate_to%5D=&work_search%5Bquery%5D=&work_search%5Blanguage_id%5D=&tag_id=Banter&page=2
61647040,https://archiveofourown.org/works?commit=Sort+and+Filter&work_search%5Bsort_column%5D=kudos_count&work_search%5Bother_tag_names%5D=Banter&exclude_work_search%5Brating_ids%5D%5B%5D=12&exclude_work_search%5Brating_ids%5D%5B%5D=9&exclude_work_search%5Brating_ids%5D%5B%5D=13&work_search%5Bexcluded_tag_names%5D=Rape%2FNon-Con&work_search%5Bcrossover%5D=&work_search%5Bcomplete%5D=&work_search%5Bwords_from%5D=&work_search%5Bwords_to%5D=&work_search%5Bdate_from%5D=&work_search%5Bdate_to%5D=&work_search%5Bquery%5D=&work_search%5Blanguage_id%5D=&tag_id=Banter&page=2
38382517,https://archiveofourown.org/works?commit=Sort+and+Filter&work_search%5Bsort_column%5D=kudos_count&work_search%5Bother_tag_names%5D=Banter&exclude_work_search%5Brating_ids%5D%5B%5D=12&exclude_work_search%5Brating_ids%5D%5B%5D=9&exclude_work_search%5Brating_ids%5D%5B%5D=13&work_search%5Bexcluded_tag_names%5D=Rape%2FNon-Con&work_search%5Bcrossover%5D=&work_search%5Bcomplete%5D=&work_search%5Bwords_from%5D=&work_search%5Bwords_to%5D=&work_search%5Bdate_from%5D=&work_search%5Bdate_to%5D=&work_search%5Bquery%5D=&work_search%5Blanguage_id%5D=&tag_id=Banter&page=2
53130151,https://archiveofourown.org/works?commit=Sort+and+Filter&work_search%5Bsort_column%5D=kudos_count&work_search%5Bother_tag_names%5D=Banter&exclude_work_search%5Brating_ids%5D%5B%5D=12&exclude_work_search%5Brating_ids%5D%5B%5D=9&exclude_work_search%5Brating_ids%5D%5B%5D=13&work_search%5Bexcluded_tag_names%5D=Rape%2FNon-Con&work_search%5Bcrossover%5D=&work_search%5Bcomplete%5D=&work_search%5Bwords_from%5D=&work_search%5Bwords_to%5D=&work_search%5Bdate_from%5D=&work_search%5Bdate_to%5D=&work_search%5Bquery%5D=&work_search%5Blanguage_id%5D=&tag_id=Banter&page=2
24069943,https://archiveofourown.org/works?commit=Sort+and+Filter&work_search%5Bsort_column%5D=kudos_count&work_search%5Bother_tag_names%5D=Banter&exclude_work_search%5Brating_ids%5D%5B%5D=12&exclude_work_search%5Brating_ids%5D%5B%5D=9&exclude_work_search%5Brating_ids%5D%5B%5D=13&work_search%5Bexcluded_tag_names%5D=Rape%2FNon-Con&work_search%5Bcrossover%5D=&work_search%5Bcomplete%5D=&work_search%5Bwords_from%5D=&work_search%5Bwords_to%5D=&work_search%5Bdate_from%5D=&work_search%5Bdate_to%5D=&work_search%5Bquery%5D=&work_search%5Blanguage_id%5D=&tag_id=Banter&page=2
34569418,https://archiveofourown.org/works?commit=Sort+and+Filter&work_search%5Bsort_column%5D=kudos_count&work_search%5Bother_tag_names%5D=Banter&exclude_work_search%5Brating_ids%5D%5B%5D=12&exclude_work_search%5Brating_ids%5D%5B%5D=9&exclude_work_search%5Brating_ids%5D%5B%5D=13&work_search%5Bexcluded_tag_names%5D=Rape%2FNon-Con&work_search%5Bcrossover%5D=&work_search%5Bcomplete%5D=&work_search%5Bwords_from%5D=&work_search%5Bwords_to%5D=&work_search%5Bdate_from%5D=&work_search%5Bdate_to%5D=&work_search%5Bquery%5D=&work_search%5Blanguage_id%5D=&tag_id=Banter&page=2
7301278,https://archiveofourown.org/works?commit=Sort+and+Filter&work_search%5Bsort_column%5D=kudos_count&work_search%5Bother_tag_names%5D=Banter&exclude_work_search%5Brating_ids%5D%5B%5D=12&exclude_work_search%5Brating_ids%5D%5B%5D=9&exclude_work_search%5Brating_ids%5D%5B%5D=13&work_search%5Bexcluded_tag_names%5D=Rape%2FNon-Con&work_search%5Bcrossover%5D=&work_search%5Bcomplete%5D=&work_search%5Bwords_from%5D=&work_search%5Bwords_to%5D=&work_search%5Bdate_from%5D=&work_search%5Bdate_to%5D=&work_search%5Bquery%5D=&work_search%5Blanguage_id%5D=&tag_id=Banter&page=2
27169576,https://archiveofourown.org/works?commit=Sort+and+Filter&work_search%5Bsort_column%5D=kudos_count&work_search%5Bother_tag_names%5D=Banter&exclude_work_search%5Brating_ids%5D%5B%5D=12&exclude_work_search%5Brating_ids%5D%5B%5D=9&exclude_work_search%5Brating_ids%5D%5B%5D=13&work_search%5Bexcluded_tag_names%5D=Rape%2FNon-Con&work_search%5Bcrossover%5D=&work_search%5Bcomplete%5D=&work_search%5Bwords_from%5D=&work_search%5Bwords_to%5D=&work_search%5Bdate_from%5D=&work_search%5Bdate_to%5D=&work_search%5Bquery%5D=&work_search%5Blanguage_id%5D=&tag_id=Banter&page=2
49455484,https://archiveofourown.org/works?commit=Sort+and+Filter&work_search%5Bsort_column%5D=kudos_count&work_search%5Bother_tag_names%5D=Banter&exclude_work_search%5Brating_ids%5D%5B%5D=12&exclude_work_search%5Brating_ids%5D%5B%5D=9&exclude_work_search%5Brating_ids%5D%5B%5D=13&work_search%5Bexcluded_tag_names%5D=Rape%2FNon-Con&work_search%5Bcrossover%5D=&work_search%5Bcomplete%5D=&work_search%5Bwords_from%5D=&work_search%5Bwords_to%5D=&work_search%5Bdate_from%5D=&work_search%5Bdate_to%5D=&work_search%5Bquery%5D=&work_search%5Blanguage_id%5D=&tag_id=Banter&page=2
24921664,https://archiveofourown.org/works?commit=Sort+and+Filter&work_search%5Bsort_column%5D=kudos_count&work_search%5Bother_tag_names%5D=Banter&exclude_work_search%5Brating_ids%5D%5B%5D=12&exclude_work_search%5Brating_ids%5D%5B%5D=9&exclude_work_search%5Brating_ids%5D%5B%5D=13&work_search%5Bexcluded_tag_names%5D=Rape%2FNon-Con&work_search%5Bcrossover%5D=&work_search%5Bcomplete%5D=&work_search%5Bwords_from%5D=&work_search%5Bwords_to%5D=&work_search%5Bdate_from%5D=&work_search%5Bdate_to%5D=&work_search%5Bquery%5D=&work_search%5Blanguage_id%5D=&tag_id=Banter&page=2
42723492,https://archiveofourown.org/works?commit=Sort+and+Filter&work_search%5Bsort_column%5D=kudos_count&work_search%5Bother_tag_names%5D=Banter&exclude_work_search%5Brating_ids%5D%5B%5D=12&exclude_work_search%5Brating_ids%5D%5B%5D=9&exclude_work_search%5Brating_ids%5D%5B%5D=13&work_search%5Bexcluded_tag_names%5D=Rape%2FNon-Con&work_search%5Bcrossover%5D=&work_search%5Bcomplete%5D=&work_search%5Bwords_from%5D=&work_search%5Bwords_to%5D=&work_search%5Bdate_from%5D=&work_search%5Bdate_to%5D=&work_search%5Bquery%5D=&work_search%5Blanguage_id%5D=&tag_id=Banter&page=2
34941580,https://archiveofourown.org/works?commit=Sort+and+Filter&work_search%5Bsort_column%5D=kudos_count&work_search%5Bother_tag_names%5D=Banter&exclude_work_search%5Brating_ids%5D%5B%5D=12&exclude_work_search%5Brating_ids%5D%5B%5D=9&exclude_work_search%5Brating_ids%5D%5B%5D=13&work_search%5Bexcluded_tag_names%5D=Rape%2FNon-Con&work_search%5Bcrossover%5D=&work_search%5Bcomplete%5D=&work_search%5Bwords_from%5D=&work_search%5Bwords_to%5D=&work_search%5Bdate_from%5D=&work_search%5Bdate_to%5D=&work_search%5Bquery%5D=&work_search%5Blanguage_id%5D=&tag_id=Banter&page=3
26666821,https://archiveofourown.org/works?commit=Sort+and+Filter&work_search%5Bsort_column%5D=kudos_count&work_search%5Bother_tag_names%5D=Banter&exclude_work_search%5Brating_ids%5D%5B%5D=12&exclude_work_search%5Brating_ids%5D%5B%5D=9&exclude_work_search%5Brating_ids%5D%5B%5D=13&work_search%5Bexcluded_tag_names%5D=Rape%2FNon-Con&work_search%5Bcrossover%5D=&work_search%5Bcomplete%5D=&work_search%5Bwords_from%5D=&work_search%5Bwords_to%5D=&work_search%5Bdate_from%5D=&work_search%5Bdate_to%5D=&work_search%5Bquery%5D=&work_search%5Blanguage_id%5D=&tag_id=Banter&page=3
37577053,https://archiveofourown.org/works?commit=Sort+and+Filter&work_search%5Bsort_column%5D=kudos_count&work_search%5Bother_tag_names%5D=Banter&exclude_work_search%5Brating_ids%5D%5B%5D=12&exclude_work_search%5Brating_ids%5D%5B%5D=9&exclude_work_search%5Brating_ids%5D%5B%5D=13&work_search%5Bexcluded_tag_names%5D=Rape%2FNon-Con&work_search%5Bcrossover%5D=&work_search%5Bcomplete%5D=&work_search%5Bwords_from%5D=&work_search%5Bwords_to%5D=&work_search%5Bdate_from%5D=&work_search%5Bdate_to%5D=&work_search%5Bquery%5D=&work_search%5Blanguage_id%5D=&tag_id=Banter&page=3
31219328,https://archiveofourown.org/works?commit=Sort+and+Filter&work_search%5Bsort_column%5D=kudos_count&work_search%5Bother_tag_names%5D=Banter&exclude_work_search%5Brating_ids%5D%5B%5D=12&exclude_work_search%5Brating_ids%5D%5B%5D=9&exclude_work_search%5Brating_ids%5D%5B%5D=13&work_search%5Bexcluded_tag_names%5D=Rape%2FNon-Con&work_search%5Bcrossover%5D=&work_search%5Bcomplete%5D=&work_search%5Bwords_from%5D=&work_search%5Bwords_to%5D=&work_search%5Bdate_from%5D=&work_search%5Bdate_to%5D=&work_search%5Bquery%5D=&work_search%5Blanguage_id%5D=&tag_id=Banter&page=3
6953299,https://archiveofourown.org/works?commit=Sort+and+Filter&work_search%5Bsort_column%5D=kudos_count&work_search%5Bother_tag_names%5D=Banter&exclude_work_search%5Brating_ids%5D%5B%5D=12&exclude_work_search%5Brating_ids%5D%5B%5D=9&exclude_work_search%5Brating_ids%5D%5B%5D=13&work_search%5Bexcluded_tag_names%5D=Rape%2FNon-Con&work_search%5Bcrossover%5D=&work_search%5Bcomplete%5D=&work_search%5Bwords_from%5D=&work_search%5Bwords_to%5D=&work_search%5Bdate_from%5D=&work_search%5Bdate_to%5D=&work_search%5Bquery%5D=&work_search%5Blanguage_id%5D=&tag_id=Banter&page=3
4482194,https://archiveofourown.org/works?commit=Sort+and+Filter&work_search%5Bsort_column%5D=kudos_count&work_search%5Bother_tag_names%5D=Banter&exclude_work_search%5Brating_ids%5D%5B%5D=12&exclude_work_search%5Brating_ids%5D%5B%5D=9&exclude_work_search%5Brating_ids%5D%5B%5D=13&work_search%5Bexcluded_tag_names%5D=Rape%2FNon-Con&work_search%5Bcrossover%5D=&work_search%5Bcomplete%5D=&work_search%5Bwords_from%5D=&work_search%5Bwords_to%5D=&work_search%5Bdate_from%5D=&work_search%5Bdate_to%5D=&work_search%5Bquery%5D=&work_search%5Blanguage_id%5D=&tag_id=Banter&page=3
55393765,https://archiveofourown.org/works?commit=Sort+and+Filter&work_search%5Bsort_column%5D=kudos_count&work_search%5Bother_tag_names%5D=Banter&exclude_work_search%5Brating_ids%5D%5B%5D=12&exclude_work_search%5Brating_ids%5D%5B%5D=9&exclude_work_search%5Brating_ids%5D%5B%5D=13&work_search%5Bexcluded_tag_names%5D=Rape%2FNon-Con&work_search%5Bcrossover%5D=&work_search%5Bcomplete%5D=&work_search%5Bwords_from%5D=&work_search%5Bwords_to%5D=&work_search%5Bdate_from%5D=&work_search%5Bdate_to%5D=&work_search%5Bquery%5D=&work_search%5Blanguage_id%5D=&tag_id=Banter&page=3
23879251,https://archiveofourown.org/works?commit=Sort+and+Filter&work_search%5Bsort_column%5D=kudos_count&work_search%5Bother_tag_names%5D=Banter&exclude_work_search%5Brating_ids%5D%5B%5D=12&exclude_work_search%5Brating_ids%5D%5B%5D=9&exclude_work_search%5Brating_ids%5D%5B%5D=13&work_search%5Bexcluded_tag_names%5D=Rape%2FNon-Con&work_search%5Bcrossover%5D=&work_search%5Bcomplete%5D=&work_search%5Bwords_from%5D=&work_search%5Bwords_to%5D=&work_search%5Bdate_from%5D=&work_search%5Bdate_to%5D=&work_search%5Bquery%5D=&work_search%5Blanguage_id%5D=&tag_id=Banter&page=3
22704478,https://archiveofourown.org/works?commit=Sort+and+Filter&work_search%5Bsort_column%5D=kudos_count&work_search%5Bother_tag_names%5D=Banter&exclude_work_search%5Brating_ids%5D%5B%5D=12&exclude_work_search%5Brating_ids%5D%5B%5D=9&exclude_work_search%5Brating_ids%5D%5B%5D=13&work_search%5Bexcluded_tag_names%5D=Rape%2FNon-Con&work_search%5Bcrossover%5D=&work_search%5Bcomplete%5D=&work_search%5Bwords_from%5D=&work_search%5Bwords_to%5D=&work_search%5Bdate_from%5D=&work_search%5Bdate_to%5D=&work_search%5Bquery%5D=&work_search%5Blanguage_id%5D=&tag_id=Banter&page=3
36590863,https://archiveofourown.org/works?commit=Sort+and+Filter&work_search%5Bsort_column%5D=kudos_count&work_search%5Bother_tag_names%5D=Banter&exclude_work_search%5Brating_ids%5D%5B%5D=12&exclude_work_search%5Brating_ids%5D%5B%5D=9&exclude_work_search%5Brating_ids%5D%5B%5D=13&work_search%5Bexcluded_tag_names%5D=Rape%2FNon-Con&work_search%5Bcrossover%5D=&work_search%5Bcomplete%5D=&work_search%5Bwords_from%5D=&work_search%5Bwords_to%5D=&work_search%5Bdate_from%5D=&work_search%5Bdate_to%5D=&work_search%5Bquery%5D=&work_search%5Blanguage_id%5D=&tag_id=Banter&page=3
29427060,https://archiveofourown.org/works?commit=Sort+and+Filter&work_search%5Bsort_column%5D=kudos_count&work_search%5Bother_tag_names%5D=Banter&exclude_work_search%5Brating_ids%5D%5B%5D=12&exclude_work_search%5Brating_ids%5D%5B%5D=9&exclude_work_search%5Brating_ids%5D%5B%5D=13&work_search%5Bexcluded_tag_names%5D=Rape%2FNon-Con&work_search%5Bcrossover%5D=&work_search%5Bcomplete%5D=&work_search%5Bwords_from%5D=&work_search%5Bwords_to%5D=&work_search%5Bdate_from%5D=&work_search%5Bdate_to%5D=&work_search%5Bquery%5D=&work_search%5Blanguage_id%5D=&tag_id=Banter&page=3
17545664,https://archiveofourown.org/works?commit=Sort+and+Filter&work_search%5Bsort_column%5D=kudos_count&work_search%5Bother_tag_names%5D=Banter&exclude_work_search%5Brating_ids%5D%5B%5D=12&exclude_work_search%5Brating_ids%5D%5B%5D=9&exclude_work_search%5Brating_ids%5D%5B%5D=13&work_search%5Bexcluded_tag_names%5D=Rape%2FNon-Con&work_search%5Bcrossover%5D=&work_search%5Bcomplete%5D=&work_search%5Bwords_from%5D=&work_search%5Bwords_to%5D=&work_search%5Bdate_from%5D=&work_search%5Bdate_to%5D=&work_search%5Bquery%5D=&work_search%5Blanguage_id%5D=&tag_id=Banter&page=3
25919386,https://archiveofourown.org/works?commit=Sort+and+Filter&work_search%5Bsort_column%5D=kudos_count&work_search%5Bother_tag_names%5D=Banter&exclude_work_search%5Brating_ids%5D%5B%5D=12&exclude_work_search%5Brating_ids%5D%5B%5D=9&exclude_work_search%5Brating_ids%5D%5B%5D=13&work_search%5Bexcluded_tag_names%5D=Rape%2FNon-Con&work_search%5Bcrossover%5D=&work_search%5Bcomplete%5D=&work_search%5Bwords_from%5D=&work_search%5Bwords_to%5D=&work_search%5Bdate_from%5D=&work_search%5Bdate_to%5D=&work_search%5Bquery%5D=&work_search%5Blanguage_id%5D=&tag_id=Banter&page=3
20403217,https://archiveofourown.org/works?commit=Sort+and+Filter&work_search%5Bsort_column%5D=kudos_count&work_search%5Bother_tag_names%5D=Banter&exclude_work_search%5Brating_ids%5D%5B%5D=12&exclude_work_search%5Brating_ids%5D%5B%5D=9&exclude_work_search%5Brating_ids%5D%5B%5D=13&work_search%5Bexcluded_tag_names%5D=Rape%2FNon-Con&work_search%5Bcrossover%5D=&work_search%5Bcomplete%5D=&work_search%5Bwords_from%5D=&work_search%5Bwords_to%5D=&work_search%5Bdate_from%5D=&work_search%5Bdate_to%5D=&work_search%5Bquery%5D=&work_search%5Blanguage_id%5D=&tag_id=Banter&page=3
14857223,https://archiveofourown.org/works?commit=Sort+and+Filter&work_search%5Bsort_column%5D=kudos_count&work_search%5Bother_tag_names%5D=Banter&exclude_work_search%5Brating_ids%5D%5B%5D=12&exclude_work_search%5Brating_ids%5D%5B%5D=9&exclude_work_search%5Brating_ids%5D%5B%5D=13&work_search%5Bexcluded_tag_names%5D=Rape%2FNon-Con&work_search%5Bcrossover%5D=&work_search%5Bcomplete%5D=&work_search%5Bwords_from%5D=&work_search%5Bwords_to%5D=&work_search%5Bdate_from%5D=&work_search%5Bdate_to%5D=&work_search%5Bquery%5D=&work_search%5Blanguage_id%5D=&tag_id=Banter&page=3
7362295,https://archiveofourown.org/works?commit=Sort+and+Filter&work_search%5Bsort_column%5D=kudos_count&work_search%5Bother_tag_names%5D=Banter&exclude_work_search%5Brating_ids%5D%5B%5D=12&exclude_work_search%5Brating_ids%5D%5B%5D=9&exclude_work_search%5Brating_ids%5D%5B%5D=13&work_search%5Bexcluded_tag_names%5D=Rape%2FNon-Con&work_search%5Bcrossover%5D=&work_search%5Bcomplete%5D=&work_search%5Bwords_from%5D=&work_search%5Bwords_to%5D=&work_search%5Bdate_from%5D=&work_search%5Bdate_to%5D=&work_search%5Bquery%5D=&work_search%5Blanguage_id%5D=&tag_id=Banter&page=3
30570320,https://archiveofourown.org/works?commit=Sort+and+Filter&work_search%5Bsort_column%5D=kudos_count&work_search%5Bother_tag_names%5D=Banter&exclude_work_search%5Brating_ids%5D%5B%5D=12&exclude_work_search%5Brating_ids%5D%5B%5D=9&exclude_work_search%5Brating_ids%5D%5B%5D=13&work_search%5Bexcluded_tag_names%5D=Rape%2FNon-Con&work_search%5Bcrossover%5D=&work_search%5Bcomplete%5D=&work_search%5Bwords_from%5D=&work_search%5Bwords_to%5D=&work_search%5Bdate_from%5D=&work_search%5Bdate_to%5D=&work_search%5Bquery%5D=&work_search%5Blanguage_id%5D=&tag_id=Banter&page=3
26919757,https://archiveofourown.org/works?commit=Sort+and+Filter&work_search%5Bsort_column%5D=kudos_count&work_search%5Bother_tag_names%5D=Banter&exclude_work_search%5Brating_ids%5D%5B%5D=12&exclude_work_search%5Brating_ids%5D%5B%5D=9&exclude_work_search%5Brating_ids%5D%5B%5D=13&work_search%5Bexcluded_tag_names%5D=Rape%2FNon-Con&work_search%5Bcrossover%5D=&work_search%5Bcomplete%5D=&work_search%5Bwords_from%5D=&work_search%5Bwords_to%5D=&work_search%5Bdate_from%5D=&work_search%5Bdate_to%5D=&work_search%5Bquery%5D=&work_search%5Blanguage_id%5D=&tag_id=Banter&page=3
43866409,https://archiveofourown.org/works?commit=Sort+and+Filter&work_search%5Bsort_column%5D=kudos_count&work_search%5Bother_tag_names%5D=Banter&exclude_work_search%5Brating_ids%5D%5B%5D=12&exclude_work_search%5Brating_ids%5D%5B%5D=9&exclude_work_search%5Brating_ids%5D%5B%5D=13&work_search%5Bexcluded_tag_names%5D=Rape%2FNon-Con&work_search%5Bcrossover%5D=&work_search%5Bcomplete%5D=&work_search%5Bwords_from%5D=&work_search%5Bwords_to%5D=&work_search%5Bdate_from%5D=&work_search%5Bdate_to%5D=&work_search%5Bquery%5D=&work_search%5Blanguage_id%5D=&tag_id=Banter&page=3
28818501,https://archiveofourown.org/works?commit=Sort+and+Filter&work_search%5Bsort_column%5D=kudos_count&work_search%5Bother_tag_names%5D=Banter&exclude_work_search%5Brating_ids%5D%5B%5D=12&exclude_work_search%5Brating_ids%5D%5B%5D=9&exclude_work_search%5Brating_ids%5D%5B%5D=13&work_search%5Bexcluded_tag_names%5D=Rape%2FNon-Con&work_search%5Bcrossover%5D=&work_search%5Bcomplete%5D=&work_search%5Bwords_from%5D=&work_search%5Bwords_to%5D=&work_search%5Bdate_from%5D=&work_search%5Bdate_to%5D=&work_search%5Bquery%5D=&work_search%5Blanguage_id%5D=&tag_id=Banter&page=3
28791183,https://archiveofourown.org/works?commit=Sort+and+Filter&work_search%5Bsort_column%5D=kudos_count&work_search%5Bother_tag_names%5D=Banter&exclude_work_search%5Brating_ids%5D%5B%5D=12&exclude_work_search%5Brating_ids%5D%5B%5D=9&exclude_work_search%5Brating_ids%5D%5B%5D=13&work_search%5Bexcluded_tag_names%5D=Rape%2FNon-Con&work_search%5Bcrossover%5D=&work_search%5Bcomplete%5D=&work_search%5Bwords_from%5D=&work_search%5Bwords_to%5D=&work_search%5Bdate_from%5D=&work_search%5Bdate_to%5D=&work_search%5Bquery%5D=&work_search%5Blanguage_id%5D=&tag_id=Banter&page=4
62747050,https://archiveofourown.org/works?commit=Sort+and+Filter&work_search%5Bsort_column%5D=kudos_count&work_search%5Bother_tag_names%5D=Banter&exclude_work_search%5Brating_ids%5D%5B%5D=12&exclude_work_search%5Brating_ids%5D%5B%5D=9&exclude_work_search%5Brating_ids%5D%5B%5D=13&work_search%5Bexcluded_tag_names%5D=Rape%2FNon-Con&work_search%5Bcrossover%5D=&work_search%5Bcomplete%5D=&work_search%5Bwords_from%5D=&work_search%5Bwords_to%5D=&work_search%5Bdate_from%5D=&work_search%5Bdate_to%5D=&work_search%5Bquery%5D=&work_search%5Blanguage_id%5D=&tag_id=Banter&page=4
244582,https://archiveofourown.org/works?commit=Sort+and+Filter&work_search%5Bsort_column%5D=kudos_count&work_search%5Bother_tag_names%5D=Banter&exclude_work_search%5Brating_ids%5D%5B%5D=12&exclude_work_search%5Brating_ids%5D%5B%5D=9&exclude_work_search%5Brating_ids%5D%5B%5D=13&work_search%5Bexcluded_tag_names%5D=Rape%2FNon-Con&work_search%5Bcrossover%5D=&work_search%5Bcomplete%5D=&work_search%5Bwords_from%5D=&work_search%5Bwords_to%5D=&work_search%5Bdate_from%5D=&work_search%5Bdate_to%5D=&work_search%5Bquery%5D=&work_search%5Blanguage_id%5D=&tag_id=Banter&page=4
15430101,https://archiveofourown.org/works?commit=Sort+and+Filter&work_search%5Bsort_column%5D=kudos_count&work_search%5Bother_tag_names%5D=Banter&exclude_work_search%5Brating_ids%5D%5B%5D=12&exclude_work_search%5Brating_ids%5D%5B%5D=9&exclude_work_search%5Brating_ids%5D%5B%5D=13&work_search%5Bexcluded_tag_names%5D=Rape%2FNon-Con&work_search%5Bcrossover%5D=&work_search%5Bcomplete%5D=&work_search%5Bwords_from%5D=&work_search%5Bwords_to%5D=&work_search%5Bdate_from%5D=&work_search%5Bdate_to%5D=&work_search%5Bquery%5D=&work_search%5Blanguage_id%5D=&tag_id=Banter&page=4
10604898,https://archiveofourown.org/works?commit=Sort+and+Filter&work_search%5Bsort_column%5D=kudos_count&work_search%5Bother_tag_names%5D=Banter&exclude_work_search%5Brating_ids%5D%5B%5D=12&exclude_work_search%5Brating_ids%5D%5B%5D=9&exclude_work_search%5Brating_ids%5D%5B%5D=13&work_search%5Bexcluded_tag_names%5D=Rape%2FNon-Con&work_search%5Bcrossover%5D=&work_search%5Bcomplete%5D=&work_search%5Bwords_from%5D=&work_search%5Bwords_to%5D=&work_search%5Bdate_from%5D=&work_search%5Bdate_to%5D=&work_search%5Bquery%5D=&work_search%5Blanguage_id%5D=&tag_id=Banter&page=4
36077899,https://archiveofourown.org/works?commit=Sort+and+Filter&work_search%5Bsort_column%5D=kudos_count&work_search%5Bother_tag_names%5D=Banter&exclude_work_search%5Brating_ids%5D%5B%5D=12&exclude_work_search%5Brating_ids%5D%5B%5D=9&exclude_work_search%5Brating_ids%5D%5B%5D=13&work_search%5Bexcluded_tag_names%5D=Rape%2FNon-Con&work_search%5Bcrossover%5D=&work_search%5Bcomplete%5D=&work_search%5Bwords_from%5D=&work_search%5Bwords_to%5D=&work_search%5Bdate_from%5D=&work_search%5Bdate_to%5D=&work_search%5Bquery%5D=&work_search%5Blanguage_id%5D=&tag_id=Banter&page=4
18476821,https://archiveofourown.org/works?commit=Sort+and+Filter&work_search%5Bsort_column%5D=kudos_count&work_search%5Bother_tag_names%5D=Banter&exclude_work_search%5Brating_ids%5D%5B%5D=12&exclude_work_search%5Brating_ids%5D%5B%5D=9&exclude_work_search%5Brating_ids%5D%5B%5D=13&work_search%5Bexcluded_tag_names%5D=Rape%2FNon-Con&work_search%5Bcrossover%5D=&work_search%5Bcomplete%5D=&work_search%5Bwords_from%5D=&work_search%5Bwords_to%5D=&work_search%5Bdate_from%5D=&work_search%5Bdate_to%5D=&work_search%5Bquery%5D=&work_search%5Blanguage_id%5D=&tag_id=Banter&page=4
26369092,https://archiveofourown.org/works?commit=Sort+and+Filter&work_search%5Bsort_column%5D=kudos_count&work_search%5Bother_tag_names%5D=Banter&exclude_work_search%5Brating_ids%5D%5B%5D=12&exclude_work_search%5Brating_ids%5D%5B%5D=9&exclude_work_search%5Brating_ids%5D%5B%5D=13&work_search%5Bexcluded_tag_names%5D=Rape%2FNon-Con&work_search%5Bcrossover%5D=&work_search%5Bcomplete%5D=&work_search%5Bwords_from%5D=&work_search%5Bwords_to%5D=&work_search%5Bdate_from%5D=&work_search%5Bdate_to%5D=&work_search%5Bquery%5D=&work_search%5Blanguage_id%5D=&tag_id=Banter&page=4
24050089,https://archiveofourown.org/works?commit=Sort+and+Filter&work_search%5Bsort_column%5D=kudos_count&work_search%5Bother_tag_names%5D=Banter&exclude_work_search%5Brating_ids%5D%5B%5D=12&exclude_work_search%5Brating_ids%5D%5B%5D=9&exclude_work_search%5Brating_ids%5D%5B%5D=13&work_search%5Bexcluded_tag_names%5D=Rape%2FNon-Con&work_search%5Bcrossover%5D=&work_search%5Bcomplete%5D=&work_search%5Bwords_from%5D=&work_search%5Bwords_to%5D=&work_search%5Bdate_from%5D=&work_search%5Bdate_to%5D=&work_search%5Bquery%5D=&work_search%5Blanguage_id%5D=&tag_id=Banter&page=4
31171190,https://archiveofourown.org/works?commit=Sort+and+Filter&work_search%5Bsort_column%5D=kudos_count&work_search%5Bother_tag_names%5D=Banter&exclude_work_search%5Brating_ids%5D%5B%5D=12&exclude_work_search%5Brating_ids%5D%5B%5D=9&exclude_work_search%5Brating_ids%5D%5B%5D=13&work_search%5Bexcluded_tag_names%5D=Rape%2FNon-Con&work_search%5Bcrossover%5D=&work_search%5Bcomplete%5D=&work_search%5Bwords_from%5D=&work_search%5Bwords_to%5D=&work_search%5Bdate_from%5D=&work_search%5Bdate_to%5D=&work_search%5Bquery%5D=&work_search%5Blanguage_id%5D=&tag_id=Banter&page=4
6264406,https://archiveofourown.org/works?commit=Sort+and+Filter&work_search%5Bsort_column%5D=kudos_count&work_search%5Bother_tag_names%5D=Banter&exclude_work_search%5Brating_ids%5D%5B%5D=12&exclude_work_search%5Brating_ids%5D%5B%5D=9&exclude_work_search%5Brating_ids%5D%5B%5D=13&work_search%5Bexcluded_tag_names%5D=Rape%2FNon-Con&work_search%5Bcrossover%5D=&work_search%5Bcomplete%5D=&work_search%5Bwords_from%5D=&work_search%5Bwords_to%5D=&work_search%5Bdate_from%5D=&work_search%5Bdate_to%5D=&work_search%5Bquery%5D=&work_search%5Blanguage_id%5D=&tag_id=Banter&page=4
29166330,https://archiveofourown.org/works?commit=Sort+and+Filter&work_search%5Bsort_column%5D=kudos_count&work_search%5Bother_tag_names%5D=Banter&exclude_work_search%5Brating_ids%5D%5B%5D=12&exclude_work_search%5Brating_ids%5D%5B%5D=9&exclude_work_search%5Brating_ids%5D%5B%5D=13&work_search%5Bexcluded_tag_names%5D=Rape%2FNon-Con&work_search%5Bcrossover%5D=&work_search%5Bcomplete%5D=&work_search%5Bwords_from%5D=&work_search%5Bwords_to%5D=&work_search%5Bdate_from%5D=&work_search%5Bdate_to%5D=&work_search%5Bquery%5D=&work_search%5Blanguage_id%5D=&tag_id=Banter&page=4
66752020,https://archiveofourown.org/works?commit=Sort+and+Filter&work_search%5Bsort_column%5D=kudos_count&work_search%5Bother_tag_names%5D=Banter&exclude_work_search%5Brating_ids%5D%5B%5D=12&exclude_work_search%5Brating_ids%5D%5B%5D=9&exclude_work_search%5Brating_ids%5D%5B%5D=13&work_search%5Bexcluded_tag_names%5D=Rape%2FNon-Con&work_search%5Bcrossover%5D=&work_search%5Bcomplete%5D=&work_search%5Bwords_from%5D=&work_search%5Bwords_to%5D=&work_search%5Bdate_from%5D=&work_search%5Bdate_to%5D=&work_search%5Bquery%5D=&work_search%5Blanguage_id%5D=&tag_id=Banter&page=4
23649382,https://archiveofourown.org/works?commit=Sort+and+Filter&work_search%5Bsort_column%5D=kudos_count&work_search%5Bother_tag_names%5D=Banter&exclude_work_search%5Brating_ids%5D%5B%5D=12&exclude_work_search%5Brating_ids%5D%5B%5D=9&exclude_work_search%5Brating_ids%5D%5B%5D=13&work_search%5Bexcluded_tag_names%5D=Rape%2FNon-Con&work_search%5Bcrossover%5D=&work_search%5Bcomplete%5D=&work_search%5Bwords_from%5D=&work_search%5Bwords_to%5D=&work_search%5Bdate_from%5D=&work_search%5Bdate_to%5D=&work_search%5Bquery%5D=&work_search%5Blanguage_id%5D=&tag_id=Banter&page=4
24428728,https://archiveofourown.org/works?commit=Sort+and+Filter&work_search%5Bsort_column%5D=kudos_count&work_search%5Bother_tag_names%5D=Banter&exclude_work_search%5Brating_ids%5D%5B%5D=12&exclude_work_search%5Brating_ids%5D%5B%5D=9&exclude_work_search%5Brating_ids%5D%5B%5D=13&work_search%5Bexcluded_tag_names%5D=Rape%2FNon-Con&work_search%5Bcrossover%5D=&work_search%5Bcomplete%5D=&work_search%5Bwords_from%5D=&work_search%5Bwords_to%5D=&work_search%5Bdate_from%5D=&work_search%5Bdate_to%5D=&work_search%5Bquery%5D=&work_search%5Blanguage_id%5D=&tag_id=Banter&page=4
25147834,https://archiveofourown.org/works?commit=Sort+and+Filter&work_search%5Bsort_column%5D=kudos_count&work_search%5Bother_tag_names%5D=Banter&exclude_work_search%5Brating_ids%5D%5B%5D=12&exclude_work_search%5Brating_ids%5D%5B%5D=9&exclude_work_search%5Brating_ids%5D%5B%5D=13&work_search%5Bexcluded_tag_names%5D=Rape%2FNon-Con&work_search%5Bcrossover%5D=&work_search%5Bcomplete%5D=&work_search%5Bwords_from%5D=&work_search%5Bwords_to%5D=&work_search%5Bdate_from%5D=&work_search%5Bdate_to%5D=&work_search%5Bquery%5D=&work_search%5Blanguage_id%5D=&tag_id=Banter&page=4
30087216,https://archiveofourown.org/works?commit=Sort+and+Filter&work_search%5Bsort_column%5D=kudos_count&work_search%5Bother_tag_names%5D=Banter&exclude_work_search%5Brating_ids%5D%5B%5D=12&exclude_work_search%5Brating_ids%5D%5B%5D=9&exclude_work_search%5Brating_ids%5D%5B%5D=13&work_search%5Bexcluded_tag_names%5D=Rape%2FNon-Con&work_search%5Bcrossover%5D=&work_search%5Bcomplete%5D=&work_search%5Bwords_from%5D=&work_search%5Bwords_to%5D=&work_search%5Bdate_from%5D=&work_search%5Bdate_to%5D=&work_search%5Bquery%5D=&work_search%5Blanguage_id%5D=&tag_id=Banter&page=4
16209206,https://archiveofourown.org/works?commit=Sort+and+Filter&work_search%5Bsort_column%5D=kudos_count&work_search%5Bother_tag_names%5D=Banter&exclude_work_search%5Brating_ids%5D%5B%5D=12&exclude_work_search%5Brating_ids%5D%5B%5D=9&exclude_work_search%5Brating_ids%5D%5B%5D=13&work_search%5Bexcluded_tag_names%5D=Rape%2FNon-Con&work_search%5Bcrossover%5D=&work_search%5Bcomplete%5D=&work_search%5Bwords_from%5D=&work_search%5Bwords_to%5D=&work_search%5Bdate_from%5D=&work_search%5Bdate_to%5D=&work_search%5Bquery%5D=&work_search%5Blanguage_id%5D=&tag_id=Banter&page=4
43374832,https://archiveofourown.org/works?commit=Sort+and+Filter&work_search%5Bsort_column%5D=kudos_count&work_search%5Bother_tag_names%5D=Banter&exclude_work_search%5Brating_ids%5D%5B%5D=12&exclude_work_search%5Brating_ids%5D%5B%5D=9&exclude_work_search%5Brating_ids%5D%5B%5D=13&work_search%5Bexcluded_tag_names%5D=Rape%2FNon-Con&work_search%5Bcrossover%5D=&work_search%5Bcomplete%5D=&work_search%5Bwords_from%5D=&work_search%5Bwords_to%5D=&work_search%5Bdate_from%5D=&work_search%5Bdate_to%5D=&work_search%5Bquery%5D=&work_search%5Blanguage_id%5D=&tag_id=Banter&page=4
16349576,https://archiveofourown.org/works?commit=Sort+and+Filter&work_search%5Bsort_column%5D=kudos_count&work_search%5Bother_tag_names%5D=Banter&exclude_work_search%5Brating_ids%5D%5B%5D=12&exclude_work_search%5Brating_ids%5D%5B%5D=9&exclude_work_search%5Brating_ids%5D%5B%5D=13&work_search%5Bexcluded_tag_names%5D=Rape%2FNon-Con&work_search%5Bcrossover%5D=&work_search%5Bcomplete%5D=&work_search%5Bwords_from%5D=&work_search%5Bwords_to%5D=&work_search%5Bdate_from%5D=&work_search%5Bdate_to%5D=&work_search%5Bquery%5D=&work_search%5Blanguage_id%5D=&tag_id=Banter&page=4
62594356,https://archiveofourown.org/works?commit=Sort+and+Filter&work_search%5Bsort_column%5D=kudos_count&work_search%5Bother_tag_names%5D=Banter&exclude_work_search%5Brating_ids%5D%5B%5D=12&exclude_work_search%5Brating_ids%5D%5B%5D=9&exclude_work_search%5Brating_ids%5D%5B%5D=13&work_search%5Bexcluded_tag_names%5D=Rape%2FNon-Con&work_search%5Bcrossover%5D=&work_search%5Bcomplete%5D=&work_search%5Bwords_from%5D=&work_search%5Bwords_to%5D=&work_search%5Bdate_from%5D=&work_search%5Bdate_to%5D=&work_search%5Bquery%5D=&work_search%5Blanguage_id%5D=&tag_id=Banter&page=5
1289224,https://archiveofourown.org/works?commit=Sort+and+Filter&work_search%5Bsort_column%5D=kudos_count&work_search%5Bother_tag_names%5D=Banter&exclude_work_search%5Brating_ids%5D%5B%5D=12&exclude_work_search%5Brating_ids%5D%5B%5D=9&exclude_work_search%5Brating_ids%5D%5B%5D=13&work_search%5Bexcluded_tag_names%5D=Rape%2FNon-Con&work_search%5Bcrossover%5D=&work_search%5Bcomplete%5D=&work_search%5Bwords_from%5D=&work_search%5Bwords_to%5D=&work_search%5Bdate_from%5D=&work_search%5Bdate_to%5D=&work_search%5Bquery%5D=&work_search%5Blanguage_id%5D=&tag_id=Banter&page=5
13870500,https://archiveofourown.org/works?commit=Sort+and+Filter&work_search%5Bsort_column%5D=kudos_count&work_search%5Bother_tag_names%5D=Banter&exclude_work_search%5Brating_ids%5D%5B%5D=12&exclude_work_search%5Brating_ids%5D%5B%5D=9&exclude_work_search%5Brating_ids%5D%5B%5D=13&work_search%5Bexcluded_tag_names%5D=Rape%2FNon-Con&work_search%5Bcrossover%5D=&work_search%5Bcomplete%5D=&work_search%5Bwords_from%5D=&work_search%5Bwords_to%5D=&work_search%5Bdate_from%5D=&work_search%5Bdate_to%5D=&work_search%5Bquery%5D=&work_search%5Blanguage_id%5D=&tag_id=Banter&page=5
1766734,https://archiveofourown.org/works?commit=Sort+and+Filter&work_search%5Bsort_column%5D=kudos_count&work_search%5Bother_tag_names%5D=Banter&exclude_work_search%5Brating_ids%5D%5B%5D=12&exclude_work_search%5Brating_ids%5D%5B%5D=9&exclude_work_search%5Brating_ids%5D%5B%5D=13&work_search%5Bexcluded_tag_names%5D=Rape%2FNon-Con&work_search%5Bcrossover%5D=&work_search%5Bcomplete%5D=&work_search%5Bwords_from%5D=&work_search%5Bwords_to%5D=&work_search%5Bdate_from%5D=&work_search%5Bdate_to%5D=&work_search%5Bquery%5D=&work_search%5Blanguage_id%5D=&tag_id=Banter&page=5
17126681,https://archiveofourown.org/works?commit=Sort+and+Filter&work_search%5Bsort_column%5D=kudos_count&work_search%5Bother_tag_names%5D=Banter&exclude_work_search%5Brating_ids%5D%5B%5D=12&exclude_work_search%5Brating_ids%5D%5B%5D=9&exclude_work_search%5Brating_ids%5D%5B%5D=13&work_search%5Bexcluded_tag_names%5D=Rape%2FNon-Con&work_search%5Bcrossover%5D=&work_search%5Bcomplete%5D=&work_search%5Bwords_from%5D=&work_search%5Bwords_to%5D=&work_search%5Bdate_from%5D=&work_search%5Bdate_to%5D=&work_search%5Bquery%5D=&work_search%5Blanguage_id%5D=&tag_id=Banter&page=5
29735478,https://archiveofourown.org/works?commit=Sort+and+Filter&work_search%5Bsort_column%5D=kudos_count&work_search%5Bother_tag_names%5D=Banter&exclude_work_search%5Brating_ids%5D%5B%5D=12&exclude_work_search%5Brating_ids%5D%5B%5D=9&exclude_work_search%5Brating_ids%5D%5B%5D=13&work_search%5Bexcluded_tag_names%5D=Rape%2FNon-Con&work_search%5Bcrossover%5D=&work_search%5Bcomplete%5D=&work_search%5Bwords_from%5D=&work_search%5Bwords_to%5D=&work_search%5Bdate_from%5D=&work_search%5Bdate_to%5D=&work_search%5Bquery%5D=&work_search%5Blanguage_id%5D=&tag_id=Banter&page=5
25311445,https://archiveofourown.org/works?commit=Sort+and+Filter&work_search%5Bsort_column%5D=kudos_count&work_search%5Bother_tag_names%5D=Banter&exclude_work_search%5Brating_ids%5D%5B%5D=12&exclude_work_search%5Brating_ids%5D%5B%5D=9&exclude_work_search%5Brating_ids%5D%5B%5D=13&work_search%5Bexcluded_tag_names%5D=Rape%2FNon-Con&work_search%5Bcrossover%5D=&work_search%5Bcomplete%5D=&work_search%5Bwords_from%5D=&work_search%5Bwords_to%5D=&work_search%5Bdate_from%5D=&work_search%5Bdate_to%5D=&work_search%5Bquery%5D=&work_search%5Blanguage_id%5D=&tag_id=Banter&page=5
55044532,https://archiveofourown.org/works?commit=Sort+and+Filter&work_search%5Bsort_column%5D=kudos_count&work_search%5Bother_tag_names%5D=Banter&exclude_work_search%5Brating_ids%5D%5B%5D=12&exclude_work_search%5Brating_ids%5D%5B%5D=9&exclude_work_search%5Brating_ids%5D%5B%5D=13&work_search%5Bexcluded_tag_names%5D=Rape%2FNon-Con&work_search%5Bcrossover%5D=&work_search%5Bcomplete%5D=&work_search%5Bwords_from%5D=&work_search%5Bwords_to%5D=&work_search%5Bdate_from%5D=&work_search%5Bdate_to%5D=&work_search%5Bquery%5D=&work_search%5Blanguage_id%5D=&tag_id=Banter&page=5
28490127,https://archiveofourown.org/works?commit=Sort+and+Filter&work_search%5Bsort_column%5D=kudos_count&work_search%5Bother_tag_names%5D=Banter&exclude_work_search%5Brating_ids%5D%5B%5D=12&exclude_work_search%5Brating_ids%5D%5B%5D=9&exclude_work_search%5Brating_ids%5D%5B%5D=13&work_search%5Bexcluded_tag_names%5D=Rape%2FNon-Con&work_search%5Bcrossover%5D=&work_search%5Bcomplete%5D=&work_search%5Bwords_from%5D=&work_search%5Bwords_to%5D=&work_search%5Bdate_from%5D=&work_search%5Bdate_to%5D=&work_search%5Bquery%5D=&work_search%5Blanguage_id%5D=&tag_id=Banter&page=5
75529481,https://archiveofourown.org/works?commit=Sort+and+Filter&work_search%5Bsort_column%5D=kudos_count&work_search%5Bother_tag_names%5D=Banter&exclude_work_search%5Brating_ids%5D%5B%5D=12&exclude_work_search%5Brating_ids%5D%5B%5D=9&exclude_work_search%5Brating_ids%5D%5B%5D=13&work_search%5Bexcluded_tag_names%5D=Rape%2FNon-Con&work_search%5Bcrossover%5D=&work_search%5Bcomplete%5D=&work_search%5Bwords_from%5D=&work_search%5Bwords_to%5D=&work_search%5Bdate_from%5D=&work_search%5Bdate_to%5D=&work_search%5Bquery%5D=&work_search%5Blanguage_id%5D=&tag_id=Banter&page=5
36178525,https://archiveofourown.org/works?commit=Sort+and+Filter&work_search%5Bsort_column%5D=kudos_count&work_search%5Bother_tag_names%5D=Banter&exclude_work_search%5Brating_ids%5D%5B%5D=12&exclude_work_search%5Brating_ids%5D%5B%5D=9&exclude_work_search%5Brating_ids%5D%5B%5D=13&work_search%5Bexcluded_tag_names%5D=Rape%2FNon-Con&work_search%5Bcrossover%5D=&work_search%5Bcomplete%5D=&work_search%5Bwords_from%5D=&work_search%5Bwords_to%5D=&work_search%5Bdate_from%5D=&work_search%5Bdate_to%5D=&work_search%5Bquery%5D=&work_search%5Blanguage_id%5D=&tag_id=Banter&page=5
21235466,https://archiveofourown.org/works?commit=Sort+and+Filter&work_search%5Bsort_column%5D=kudos_count&work_search%5Bother_tag_names%5D=Banter&exclude_work_search%5Brating_ids%5D%5B%5D=12&exclude_work_search%5Brating_ids%5D%5B%5D=9&exclude_work_search%5Brating_ids%5D%5B%5D=13&work_search%5Bexcluded_tag_names%5D=Rape%2FNon-Con&work_search%5Bcrossover%5D=&work_search%5Bcomplete%5D=&work_search%5Bwords_from%5D=&work_search%5Bwords_to%5D=&work_search%5Bdate_from%5D=&work_search%5Bdate_to%5D=&work_search%5Bquery%5D=&work_search%5Blanguage_id%5D=&tag_id=Banter&page=5
29802024,https://archiveofourown.org/works?commit=Sort+and+Filter&work_search%5Bsort_column%5D=kudos_count&work_search%5Bother_tag_names%5D=Banter&exclude_work_search%5Brating_ids%5D%5B%5D=12&exclude_work_search%5Brating_ids%5D%5B%5D=9&exclude_work_search%5Brating_ids%5D%5B%5D=13&work_search%5Bexcluded_tag_names%5D=Rape%2FNon-Con&work_search%5Bcrossover%5D=&work_search%5Bcomplete%5D=&work_search%5Bwords_from%5D=&work_search%5Bwords_to%5D=&work_search%5Bdate_from%5D=&work_search%5Bdate_to%5D=&work_search%5Bquery%5D=&work_search%5Blanguage_id%5D=&tag_id=Banter&page=5
37433779,https://archiveofourown.org/works?commit=Sort+and+Filter&work_search%5Bsort_column%5D=kudos_count&work_search%5Bother_tag_names%5D=Banter&exclude_work_search%5Brating_ids%5D%5B%5D=12&exclude_work_search%5Brating_ids%5D%5B%5D=9&exclude_work_search%5Brating_ids%5D%5B%5D=13&work_search%5Bexcluded_tag_names%5D=Rape%2FNon-Con&work_search%5Bcrossover%5D=&work_search%5Bcomplete%5D=&work_search%5Bwords_from%5D=&work_search%5Bwords_to%5D=&work_search%5Bdate_from%5D=&work_search%5Bdate_to%5D=&work_search%5Bquery%5D=&work_search%5Blanguage_id%5D=&tag_id=Banter&page=5
13641210,https://archiveofourown.org/works?commit=Sort+and+Filter&work_search%5Bsort_column%5D=kudos_count&work_search%5Bother_tag_names%5D=Banter&exclude_work_search%5Brating_ids%5D%5B%5D=12&exclude_work_search%5Brating_ids%5D%5B%5D=9&exclude_work_search%5Brating_ids%5D%5B%5D=13&work_search%5Bexcluded_tag_names%5D=Rape%2FNon-Con&work_search%5Bcrossover%5D=&work_search%5Bcomplete%5D=&work_search%5Bwords_from%5D=&work_search%5Bwords_to%5D=&work_search%5Bdate_from%5D=&work_search%5Bdate_to%5D=&work_search%5Bquery%5D=&work_search%5Blanguage_id%5D=&tag_id=Banter&page=5
58846348,https://archiveofourown.org/works?commit=Sort+and+Filter&work_search%5Bsort_column%5D=kudos_count&work_search%5Bother_tag_names%5D=Banter&exclude_work_search%5Brating_ids%5D%5B%5D=12&exclude_work_search%5Brating_ids%5D%5B%5D=9&exclude_work_search%5Brating_ids%5D%5B%5D=13&work_search%5Bexcluded_tag_names%5D=Rape%2FNon-Con&work_search%5Bcrossover%5D=&work_search%5Bcomplete%5D=&work_search%5Bwords_from%5D=&work_search%5Bwords_to%5D=&work_search%5Bdate_from%5D=&work_search%5Bdate_to%5D=&work_search%5Bquery%5D=&work_search%5Blanguage_id%5D=&tag_id=Banter&page=5
16560659,https://archiveofourown.org/works?commit=Sort+and+Filter&work_search%5Bsort_column%5D=kudos_count&work_search%5Bother_tag_names%5D=Banter&exclude_work_search%5Brating_ids%5D%5B%5D=12&exclude_work_search%5Brating_ids%5D%5B%5D=9&exclude_work_search%5Brating_ids%5D%5B%5D=13&work_search%5Bexcluded_tag_names%5D=Rape%2FNon-Con&work_search%5Bcrossover%5D=&work_search%5Bcomplete%5D=&work_search%5Bwords_from%5D=&work_search%5Bwords_to%5D=&work_search%5Bdate_from%5D=&work_search%5Bdate_to%5D=&work_search%5Bquery%5D=&work_search%5Blanguage_id%5D=&tag_id=Banter&page=5
30850691,https://archiveofourown.org/works?commit=Sort+and+Filter&work_search%5Bsort_column%5D=kudos_count&work_search%5Bother_tag_names%5D=Banter&exclude_work_search%5Brating_ids%5D%5B%5D=12&exclude_work_search%5Brating_ids%5D%5B%5D=9&exclude_work_search%5Brating_ids%5D%5B%5D=13&work_search%5Bexcluded_tag_names%5D=Rape%2FNon-Con&work_search%5Bcrossover%5D=&work_search%5Bcomplete%5D=&work_search%5Bwords_from%5D=&work_search%5Bwords_to%5D=&work_search%5Bdate_from%5D=&work_search%5Bdate_to%5D=&work_search%5Bquery%5D=&work_search%5Blanguage_id%5D=&tag_id=Banter&page=5
52887346,https://archiveofourown.org/works?commit=Sort+and+Filter&work_search%5Bsort_column%5D=kudos_count&work_search%5Bother_tag_names%5D=Banter&exclude_work_search%5Brating_ids%5D%5B%5D=12&exclude_work_search%5Brating_ids%5D%5B%5D=9&exclude_work_search%5Brating_ids%5D%5B%5D=13&work_search%5Bexcluded_tag_names%5D=Rape%2FNon-Con&work_search%5Bcrossover%5D=&work_search%5Bcomplete%5D=&work_search%5Bwords_from%5D=&work_search%5Bwords_to%5D=&work_search%5Bdate_from%5D=&work_search%5Bdate_to%5D=&work_search%5Bquery%5D=&work_search%5Blanguage_id%5D=&tag_id=Banter&page=5
23140543,https://archiveofourown.org/works?commit=Sort+and+Filter&work_search%5Bsort_column%5D=kudos_count&work_search%5Bother_tag_names%5D=Banter&exclude_work_search%5Brating_ids%5D%5B%5D=12&exclude_work_search%5Brating_ids%5D%5B%5D=9&exclude_work_search%5Brating_ids%5D%5B%5D=13&work_search%5Bexcluded_tag_names%5D=Rape%2FNon-Con&work_search%5Bcrossover%5D=&work_search%5Bcomplete%5D=&work_search%5Bwords_from%5D=&work_search%5Bwords_to%5D=&work_search%5Bdate_from%5D=&work_search%5Bdate_to%5D=&work_search%5Bquery%5D=&work_search%5Blanguage_id%5D=&tag_id=Banter&page=5
